customer_id,gender,age,annual_income_k,spending_score,cluster_id,cluster_name
1,Male,19,15.0,39,4,Cluster 4
2,Male,21,15.0,81,4,Cluster 4
3,Female,20,16.0,6,5,Cluster 5
4,Female,23,16.0,77,4,Cluster 4
5,Female,31,17.0,40,5,Cluster 5
6,Female,22,17.0,76,4,Cluster 4
7,Female,35,18.0,6,5,Cluster 5
8,Female,23,18.0,94,4,Cluster 4
9,Male,64,19.0,3,5,Cluster 5
10,Female,30,19.0,72,4,Cluster 4
11,Male,67,19.0,14,5,Cluster 5
12,Female,35,19.0,99,4,Cluster 4
13,Female,58,20.0,15,5,Cluster 5
14,Female,24,20.0,77,4,Cluster 4
15,Male,37,20.0,13,5,Cluster 5
16,Male,22,20.0,79,4,Cluster 4
17,Female,35,21.0,35,5,Cluster 5
18,Male,20,21.0,66,4,Cluster 4
19,Male,52,23.0,29,5,Cluster 5
20,Female,35,23.0,98,4,Cluster 4
21,Male,35,24.0,35,5,Cluster 5
22,Male,25,24.0,73,4,Cluster 4
23,Female,46,25.0,5,5,Cluster 5
24,Male,31,25.0,73,4,Cluster 4
25,Female,54,28.0,14,5,Cluster 5
26,Male,29,28.0,82,4,Cluster 4
27,Female,45,28.0,32,5,Cluster 5
28,Male,35,28.0,61,4,Cluster 4
29,Female,40,29.0,31,5,Cluster 5
30,Female,23,29.0,87,4,Cluster 4
31,Male,60,30.0,4,5,Cluster 5
32,Female,21,30.0,73,4,Cluster 4
33,Male,53,33.0,4,5,Cluster 5
34,Male,18,33.0,92,4,Cluster 4
35,Female,49,33.0,14,5,Cluster 5
36,Female,21,33.0,81,4,Cluster 4
37,Female,42,34.0,17,5,Cluster 5
38,Female,30,34.0,73,4,Cluster 4
39,Female,36,37.0,26,5,Cluster 5
40,Female,20,37.0,75,4,Cluster 4
41,Female,65,38.0,35,0,Cluster 0
42,Male,24,38.0,92,4,Cluster 4
43,Male,48,39.0,36,5,Cluster 5
44,Female,31,39.0,61,1,Cluster 1
45,Female,49,39.0,28,5,Cluster 5
46,Female,24,39.0,65,4,Cluster 4
47,Female,50,40.0,55,0,Cluster 0
48,Female,27,40.0,47,1,Cluster 1
49,Female,29,40.0,42,1,Cluster 1
50,Female,31,40.0,42,1,Cluster 1
51,Female,49,42.0,52,0,Cluster 0
52,Male,33,42.0,60,1,Cluster 1
53,Female,31,43.0,54,1,Cluster 1
54,Male,59,43.0,60,0,Cluster 0
55,Female,50,43.0,45,0,Cluster 0
56,Male,47,43.0,41,0,Cluster 0
57,Female,51,44.0,50,0,Cluster 0
58,Male,69,44.0,46,0,Cluster 0
59,Female,27,46.0,51,1,Cluster 1
60,Male,53,46.0,46,0,Cluster 0
61,Male,70,46.0,56,0,Cluster 0
62,Male,19,46.0,55,1,Cluster 1
63,Female,67,47.0,52,0,Cluster 0
64,Female,54,47.0,59,0,Cluster 0
65,Male,63,48.0,51,0,Cluster 0
66,Male,18,48.0,59,1,Cluster 1
67,Female,43,48.0,50,0,Cluster 0
68,Female,68,48.0,48,0,Cluster 0
69,Male,19,48.0,59,1,Cluster 1
70,Female,32,48.0,47,1,Cluster 1
71,Male,70,49.0,55,0,Cluster 0
72,Female,47,49.0,42,0,Cluster 0
73,Female,60,50.0,49,0,Cluster 0
74,Female,60,50.0,56,0,Cluster 0
75,Male,59,54.0,47,0,Cluster 0
76,Male,26,54.0,54,1,Cluster 1
77,Female,45,54.0,53,0,Cluster 0
78,Male,40,54.0,48,1,Cluster 1
79,Female,23,54.0,52,1,Cluster 1
80,Female,49,54.0,42,0,Cluster 0
81,Male,57,54.0,51,0,Cluster 0
82,Male,38,54.0,55,1,Cluster 1
83,Male,67,54.0,41,0,Cluster 0
84,Female,46,54.0,44,0,Cluster 0
85,Female,21,54.0,57,1,Cluster 1
86,Male,48,54.0,46,0,Cluster 0
87,Female,55,57.0,58,0,Cluster 0
88,Female,22,57.0,55,1,Cluster 1
89,Female,34,58.0,60,1,Cluster 1
90,Female,50,58.0,46,0,Cluster 0
91,Female,68,59.0,55,0,Cluster 0
92,Male,18,59.0,41,1,Cluster 1
93,Male,48,60.0,49,0,Cluster 0
94,Female,40,60.0,40,1,Cluster 1
95,Female,32,60.0,42,1,Cluster 1
96,Male,24,60.0,52,1,Cluster 1
97,Female,47,60.0,47,0,Cluster 0
98,Female,27,60.0,50,1,Cluster 1
99,Male,48,61.0,42,0,Cluster 0
100,Male,20,61.0,49,1,Cluster 1
101,Female,23,62.0,41,1,Cluster 1
102,Female,49,62.0,48,0,Cluster 0
103,Male,67,62.0,59,0,Cluster 0
104,Male,26,62.0,55,1,Cluster 1
105,Male,49,62.0,56,0,Cluster 0
106,Female,21,62.0,42,1,Cluster 1
107,Female,66,63.0,50,0,Cluster 0
108,Male,54,63.0,46,0,Cluster 0
109,Male,68,63.0,43,0,Cluster 0
110,Male,66,63.0,48,0,Cluster 0
111,Male,65,63.0,52,0,Cluster 0
112,Female,19,63.0,54,1,Cluster 1
113,Female,38,64.0,42,1,Cluster 1
114,Male,19,64.0,46,1,Cluster 1
115,Female,18,65.0,48,1,Cluster 1
116,Female,19,65.0,50,1,Cluster 1
117,Female,63,65.0,43,0,Cluster 0
118,Female,49,65.0,59,0,Cluster 0
119,Female,51,67.0,43,0,Cluster 0
120,Female,50,67.0,57,0,Cluster 0
121,Male,27,67.0,56,1,Cluster 1
122,Female,38,67.0,40,1,Cluster 1
123,Female,40,69.0,58,1,Cluster 1
124,Male,39,69.0,91,3,Cluster 3
125,Female,23,70.0,29,1,Cluster 1
126,Female,31,70.0,77,3,Cluster 3
127,Male,43,71.0,35,2,Cluster 2
128,Male,40,71.0,95,3,Cluster 3
129,Male,59,71.0,11,2,Cluster 2
130,Male,38,71.0,75,3,Cluster 3
131,Male,47,71.0,9,2,Cluster 2
132,Male,39,71.0,75,3,Cluster 3
133,Female,25,72.0,34,1,Cluster 1
134,Female,31,72.0,71,3,Cluster 3
135,Male,20,73.0,5,2,Cluster 2
136,Female,29,73.0,88,3,Cluster 3
137,Female,44,73.0,7,2,Cluster 2
138,Male,32,73.0,73,3,Cluster 3
139,Male,19,74.0,10,1,Cluster 1
140,Female,35,74.0,72,3,Cluster 3
141,Female,57,75.0,5,2,Cluster 2
142,Male,32,75.0,93,3,Cluster 3
143,Female,28,76.0,40,1,Cluster 1
144,Female,32,76.0,87,3,Cluster 3
145,Male,25,77.0,12,2,Cluster 2
146,Male,28,77.0,97,3,Cluster 3
147,Male,48,77.0,36,2,Cluster 2
148,Female,32,77.0,74,3,Cluster 3
149,Female,34,78.0,22,2,Cluster 2
150,Male,34,78.0,90,3,Cluster 3
151,Male,43,78.0,17,2,Cluster 2
152,Male,39,78.0,88,3,Cluster 3
153,Female,44,78.0,20,2,Cluster 2
154,Female,38,78.0,76,3,Cluster 3
155,Female,47,78.0,16,2,Cluster 2
156,Female,27,78.0,89,3,Cluster 3
157,Male,37,78.0,1,2,Cluster 2
158,Female,30,78.0,78,3,Cluster 3
159,Male,34,78.0,1,2,Cluster 2
160,Female,30,78.0,73,3,Cluster 3
161,Female,56,79.0,35,0,Cluster 0
162,Female,29,79.0,83,3,Cluster 3
163,Male,19,81.0,5,2,Cluster 2
164,Female,31,81.0,93,3,Cluster 3
165,Male,50,85.0,26,2,Cluster 2
166,Female,36,85.0,75,3,Cluster 3
167,Male,42,86.0,20,2,Cluster 2
168,Female,33,86.0,95,3,Cluster 3
169,Female,36,87.0,27,2,Cluster 2
170,Male,32,87.0,63,3,Cluster 3
171,Male,40,87.0,13,2,Cluster 2
172,Male,28,87.0,75,3,Cluster 3
173,Male,36,87.0,10,2,Cluster 2
174,Male,36,87.0,92,3,Cluster 3
175,Female,52,88.0,13,2,Cluster 2
176,Female,30,88.0,86,3,Cluster 3
177,Male,58,88.0,15,2,Cluster 2
178,Male,27,88.0,69,3,Cluster 3
179,Male,59,93.0,14,2,Cluster 2
180,Male,35,93.0,90,3,Cluster 3
181,Female,37,97.0,32,2,Cluster 2
182,Female,32,97.0,86,3,Cluster 3
183,Male,46,98.0,15,2,Cluster 2
184,Female,29,98.0,88,3,Cluster 3
185,Female,41,99.0,39,2,Cluster 2
186,Male,30,99.0,97,3,Cluster 3
187,Female,54,101.0,24,2,Cluster 2
188,Male,28,101.0,68,3,Cluster 3
189,Female,41,103.0,17,2,Cluster 2
190,Female,36,103.0,85,3,Cluster 3
191,Female,34,103.0,23,2,Cluster 2
192,Female,32,103.0,69,3,Cluster 3
193,Male,33,113.0,8,2,Cluster 2
194,Female,38,113.0,91,3,Cluster 3
195,Female,47,120.0,16,2,Cluster 2
196,Female,35,120.0,79,3,Cluster 3
197,Female,45,126.0,28,2,Cluster 2
198,Male,32,126.0,74,3,Cluster 3
199,Male,32,137.0,18,2,Cluster 2
200,Male,30,137.0,83,3,Cluster 3
